שם,סוג,קישור,תיאור,תגיות,חינם/תשלום
The branding style guide,"אתר, ספרייה/מאגר",Branding Style Guides,"ספרייה מקוונת מקיפה המרכזת מאות מדריכי מיתוג (Brand Books) וספרי סגנון של המותגים המובילים בעולם (כמו Apple, Coca-Cola, Discord ועוד). האתר מהווה משאב יקר ערך למעצבים ואנשי אסטרטגיה לצורך מחקר, למידה וקבלת השראה על סטנדרטים עיצוביים.","מיתוג, השראה",חינם
Flora Fauna,"אתר, כלי",FLORA,"סביבת עבודה מקצועית מבוססת ""קנבס אינסופי"" ותהליכי עבודה חזותיים (Nodes). המערכת מאפשרת לשלב מגוון מודלים של בינה מלאכותית ליצירת תמונות, וידאו ונכסים דיגיטליים עקביים למותגים ולצוותי קריאייטיב.","GenAI, Workflow, כלי עבודה",חצי חינם (freemium)
Constraint Systems,ספרייה/מאגר,Constraint Systems,"פרויקט המציע סדרה של כלי אינטרנט ניסיוניים ומינימליסטיים לעיצוב, טיפוגרפיה ופריסה (Layout). הכלים מאפשרים לחקור יצירתיות דרך אילוצים חזותיים ומערכות חוקים פשוטות.","טיפוגרפיה, עיצוב ווב ואתרים, כלי עבודה",חינם
City Roads,כלי,Draw all roads in a city at once,"כלי המאפשר להציג ולייצא את כל רשת הדרכים של כל עיר בעולם כאיור גרפי נקי. המערכת שואבת נתונים מ-OpenStreetMap ויוצרת מפה מופשטת המורכבת מכבישים בלבד, ללא הסחות דעת חזותיות אחרות.","כלי עבודה, Data Visual",חינם
LogoLounge,"ספרייה/מאגר, השראה",LogoLounge,"אחד המאגרים הגדולים והיוקרתיים בעולם לעיצובי לוגו. האתר משמש כספריית מחקר למקצוענים, מפרסם דוחות מגמות (Trends) שנתיים משפיעים, ומקיים תחרויות עיצוב שתוצריהן מתפרסמים בסדרת ספרים מפורסמת.","לוגו וסמלים, השראה, מיתוג",תשלום/מנוי
Logoed,"ספרייה/מאגר, השראה",Logo Concept Design Awards,בלוג ותיק ומוערך המציג מבחר של עיצובי לוגו איכותיים ומוקפדים. האתר מתמקד בהצגת עבודות עיצוב נקיות ומקצועיות ומשמש כמקור השראה מרכזי למעצבים גרפיים ואנשי מיתוג.,"לוגו וסמלים, השראה, מיתוג",חינם
Logobook,"ספרייה/מאגר, השראה",Logobook,"מאגר אוצרות של סמלים, סימנים מסחריים ולוגואים בשחור-לבן מרחבי העולם. האתר מאורגן בצורה ייחודית לפי קטגוריות של צורות גיאומטריות, אובייקטים וטבע, מה שמאפשר למעצבים למצוא השראה צורנית מדויקת ונקייה.","לוגו וסמלים, השראה, מיתוג",חינם
Logggos,"ספרייה/מאגר, השראה",Logggos,"פלטפורמה המציעה אוסף אצור ומוקפד של לוגואים וזהויות מותג. האתר מאפשר למעצבים ולאנשי קריאייטיב לסנן השראות לפי קטגוריות, צבעים וסגנונות עיצוביים, ובכך מסייע בגיבוש כיוונים ויזואליים לפרויקטים חדשים.","לוגו וסמלים, השראה, מיתוג",חינם
Logo Room,"ספרייה/מאגר, השראה",Logoroom - Creative Branding Studio,"פלטפורמה המציעה אוסף אצור של לוגואים וסימנים מסחריים שנבחרו בשל איכותם העיצובית. האתר מאפשר חיפוש וסינון לפי נושאים ותעשיות, במטרה לספק השראה למעצבים בתחילת תהליך היצירה של זהות מותג.","לוגו וסמלים, השראה, מיתוג",חינם
Spiral Betty,כלי,Spiral Betty,"כלי הממיר תמונות לאמנות ספירלית, קווים או נקודות בסגנון וינטג'. הכלי פופולרי מאוד בקרב חובבי יצירה (DIY) ומשתמשי מכונות חיתוך (כמו Cricut), ומאפשר להתאים אישית את צפיפות הקווים והניגודיות ליצירת מראה ייחודי.","כלי עבודה, עיבוד תמונה",חצי חינם (freemium)
Poline,כלי,Poline — Esoteric Color Palette Generation Library,"כלי ייחודי ליצירת פלטות צבעים המבוסס על עקרונות גיאומטריים ומתמטיים. המערכת מאפשרת למעצבים לייצר שילובי צבעים הרמוניים ומרהיבים על ידי ""ציור"" קווים בתוך מרחב צבעים תלת-ממדי, מה שיוצר מעברים (Gradients) וקשרים חזותיים מרתקים.","צבעים ופלטות, UX/UI",חינם
Thiings,ספרייה/מאגר,Thiings,"אוסף אצור ומינימליסטי של מוצרים, אובייקטים ופרטי עיצוב יומיומיים. האתר מתמקד באסתטיקה נקייה ובפונקציונליות, ומשמש כמקור השראה למעצבי מוצר, מעצבים תעשייתיים וחובבי עיצוב מודרני.","השראה, עיצוב ווב ואתרים, לוגו וסמלים",חינם
Shapelax,פלאגין,Shapelax | Figma,"כלי המאפשר ליצור צורות אורגניות, גיאומטריות ומורכבות ישירות בתוך פיגמה. הוא מאפשר שליטה בפרמטרים של הצורה כדי לייצר אלמנטים ויזואליים ייחודיים לרקעים, איורים ועיצובי UI בצורה מהירה וגמישה.","UX/UI, עיצוב ווב ואתרים, Figma",חצי חינם (freemium)
Unicorn Studio,"אתר, כלי",Unicorn Studio,"פלטפורמה רבת-עוצמה ליצירת אפקטים חזותיים, אנימציות מורכבות ואינטראקציות לאתרי אינטרנט ללא צורך בכתיבת קוד. הכלי מאפשר למעצבים לייצא את היצירות לקבצי Lottie, וידאו או קוד (WebGL) ולהטמיע אותם בקלות בפרויקטים דיגיטליים.","עיצוב ווב ואתרים, UX/UI",חצי חינם (freemium)
Color Disruptions,Assets,Color Disruptions,"אוסף של טקסטורות, רקעים ואלמנטים גרפיים המאופיינים בשילובי צבעים עזים, עיוותים חזותיים (Distortions) ואסתטיקה מודרנית-ניסיונית. הנכסים מיועדים לשימוש בפרויקטים של מיתוג, פוסטרים ועיצוב דיגיטלי הדורשים מראה ייחודי ובולט.",טקסטורות,תשלום/מנוי
Image Sorter (by Larixk),כלי,Bitmap sorter by larixk,"כלי אינטראקטיבי המאפשר למשתמשים להעלות תמונה ולבצע עליה מניפולציה של ""מיון פיקסלים"" (Pixel Sorting) בזמן אמת. הכלי מארגן מחדש את הפיקסלים בתמונה לפי ערכי צבע או בהירות, ויוצר אפקט חזותי נוזלי ומופשט.","עיבוד תמונה, כלי עבודה",חינם
Designercize,"אתר, כלי",DESIGNERCIZE,"כלי המיועד לתרגול ושיפור מיומנויות חשיבה עיצובית (Product Design) תחת לחץ זמן. האתר מייצר ""בריפים"" אקראיים לאתגרי עיצוב בדרגות קושי שונות, ומיועד למעצבי UI/UX שרוצים להתכונן לראיונות עבודה או לשפר את היצירתיות שלהם.","UX/UI, כלי עבודה",חינם
Kern Type,"כלי, אתר",Kern Type,"משחק אינטראקטיבי המלמד ומאמן מעצבים על ""קרינינג"" (Kerning) – אמנות ריווח האותיות. המשתמשים נדרשים להזיז אותיות כדי להגיע לריווח מושלם מבחינה חזותית, ומקבלים ציון על הדיוק שלהם בהשוואה לטיפוגרפים מומחים.",טיפוגרפיה,חינם
Procedural Crowds,פלאגין,Procedural Crowds - Superhive (formerly Blender Market),"כלי מתקדם ליצירת קהלים והמוני אנשים בתלת-ממד בצורה פרוצדורלית. התוסף מאפשר למדל ולנהל קהלים גדולים עם סוגי התנהגות שונים (עמידה, הליכה, מחיאת כפיים ועוד) בקלות ובמהירות בתוך סביבת Blender.","3D, Blender",תשלום/מנוי
Tooooools,"אתר, כלי",Tooooools.app,"אינדקס אצור ומקיף המרכז כלים ומשאבים דיגיטליים עבור מעצבים ואנשי קריאייטיב. האתר כולל קישורים לכלי בינה מלאכותית, טיפוגרפיה, פלטות צבעים, השראה לעיצוב אתרים ועוד, הכל תחת ממשק נקי ונוח לניווט.","עיבוד תמונה, כלי עבודה",חינם
Recraft,אתר,Recraft | AI,"כלי בינה מלאכותית מתקדם המיועד למעצבים, המאפשר יצירה ועריכה של איורים וקטוריים, אייקונים, לוגואים ותמונות פוטו-ריאליסטיות. הייחוד שלו הוא היכולת לייצא קבצים בפורמט SVG ולשמור על עקביות סגנונית גבוהה לאורך כל הפרויקט.","GenAI, איור, עיצוב ווב ואתרים, UX/UI, מוקאפ",חצי חינם (freemium)
Fontshare,ספרייה/מאגר,Fontshare,"שירות פונטים מבית Indian Type Foundry (ITF) המציע אוסף אצור של פונטים מקצועיים ואיכותיים לשימוש אישי ומסחרי. האתר מספק ממשק נוח לבחינת הפונטים, התאמת הגדרות והורדה או הטמעה ישירה באתרי אינטרנט.","טיפוגרפיה, עיצוב ווב ואתרים",חינם
Color Hunt,"אתר, השראה",Color Hunt,"פלטפורמה פתוחה ופופולרית המציעה אלפי פלטות צבעים אצורות. המעצבים יכולים לדפדף בין שילובי צבעים לפי פופולריות, טרנדים או קטגוריות (כמו ""רטרו"", ""קיץ"" או ""ניאון"") ולהעתיק בקלות קודי צבע (HEX) לשימוש מיידי.",צבעים ופלטות,חינם
Coolors,"אתר, השראה",Coolors,"כלי פופולרי ומהיר במיוחד ליצירה, ניהול ושיתוף של פלטות צבעים. הוא מאפשר לייצר שילובים הרמוניים בלחיצת כפתור (Spacebar), לחלץ צבעים מתמונות, לבדוק ניגודיות (Accessibility) ולייצא את הפלטות למגוון פורמטים עבור מעצבים ומפתחים.",צבעים ופלטות,חצי חינם (freemium)
Cosmos,"ספרייה/מאגר, השראה",Cosmos,"כלי מודרני לאיסוף ואוצרות של תוכן חזותי (תמונות, וידאו, קישורים) המיועד לאנשי קריאייטיב. מדור ה-Public Work מציג אוספים ציבוריים ואוצרות של מעצבים ואמנים, ומהווה חלופה אסתטית ונקייה מפלטפורמות כמו פינטרסט, ללא פרסומות או אלגוריתמים מסיחים.","השראה, תמונות סטוק",חצי חינם (freemium)
The HTML Review (Issue 04),"אתר, ספרייה/מאגר, השראה",The HTML Review,"מגזין שנתי המוקדש ליצירות שנכתבו ""עבור הדפדפן"". הוא מציג שילוב של ספרות, שירה ואמנות קוד המנצלים את המדיום הדיגיטלי (HTML/JS) ליצירת חוויות קריאה אינטראקטיביות ויוצאות דופן.","עיצוב ווב ואתרים, השראה",חינם
Metaflop,כלי,Metaflop,"כלי אינטראקטיבי המאפשר למשתמשים לעצב פונטים מותאמים אישית על ידי שינוי פרמטרים טיפוגרפיים (כמו עובי, נטייה ורוחב) בזמן אמת. המערכת מבוססת על Metafont ומאפשרת לייצא את התוצאה כפונט לשימוש חופשי.","טיפוגרפיה, כלי עבודה",חינם
Design Spells,השראה,Design Spells,"אוסף אצור של ""רגעים קסומים"" בעיצוב מוצרים דיגיטליים. האתר מתמקד בפרטים הקטנים שעושים הבדל גדול בחוויית המשתמש, כמו אנימציות מעבר, אינטראקציות ייחודיות ופיצ'רים מפתיעים (Easter Eggs) באפליקציות ובאתרים מובילים.","UX/UI, עיצוב ווב ואתרים",חינם
Swissted,"השראה, ספרייה/מאגר",Swissted,"פרויקט אמנותי של המעצב מייק ג'ויס, המעצב מחדש פוסטרים של הופעות פאנק ורוק קלאסיות בסגנון הטיפוגרפי השוויצרי הבינלאומי. האתר מציג מאות פוסטרים המשלבים אסתטיקה מודרניסטית נקייה עם תרבות מוזיקת שוליים.","השראה, טיפוגרפיה, עיצוב גרפי",חינם
Viewport,ספרייה/מאגר,Viewport UI,"ספרייה אצורה המתמקדת בעיצוב ממשקים עם דגש על תנועה (Motion Design). האתר מציג דוגמאות איכותיות לרכיבי ממשק, אינטראקציות ואנימציות מורכבות מאפליקציות ואתרים מובילים, במטרה לספק השראה למעצבי מוצר ומפתחים.","השראה, UX/UI, Motion Design",חינם
ColorSpace,כלי,Color Space,"כלי פשוט ויעיל המאפשר להזין קוד צבע אחד (HEX) ולקבל באופן מיידי עשרות פלטות צבעים תואמות בסגנונות שונים. בנוסף, האתר כולל כלים ליצירת מעברי צבע (Gradients) וקוד CSS מוכן לשימוש עבור מפתחים ומעצבים.","צבעים ופלטות, UX/UI, עיצוב ווב ואתרים",חינם
Texturelabs,"ספרייה/מאגר, מדריך, Assets",Texture Labs,"ספרייה רחבת היקף של טקסטורות באיכות גבוהה מאוד (4K ומעלה), מברשות לפוטושופ, שכבות (Overlays) ומדריכים מקצועיים. האתר נחשב לאחד המקורות האיכותיים ביותר למעצבים גרפיים ואמני אפקטים ויזואליים המחפשים מראה ריאליסטי.","השראה, תמונות סטוק, טקסטורות, עיצוב גרפי",חינם
Brands in Motion,"ספרייה/מאגר, השראה",Brands In Motion,"אוסף אצור של דוגמאות מיתוג וזהות ויזואלית המתמקדות באנימציה ותנועה. האתר מציג כיצד מותגים מובילים מיישמים לוגואים בתנועה, טיפוגרפיה דינמית ומערכות עיצוב אינטראקטיביות, ומשמש כמקור השראה למעצבי מושן ומעצבי מותג.","מיתוג, Motion Design, UX/UI",חינם
Antlii,"Assets, כלי",Antlii,"פלטפורמה המציגה את עבודותיו של המעצב אנטון סטאלמר, הכוללת כלים ייחודיים, ניסויים ויזואליים ומשאבים למעצבים. האתר מציג פרויקטים בתחומי הטיפוגרפיה, האנימציה והעיצוב האינטראקטיבי, ומציע לעיתים נכסים דיגיטליים להורדה או רכישה.","עיצוב גרפי, Motion Design, עיבוד תמונה",חצי חינם (freemium)
Spline,כלי,Spline,"כלי עיצוב תלת-ממדי מבוסס דפדפן המאפשר יצירת אובייקטים, סצנות ואינטראקציות תלת-ממדיות בקלות. הכלי מיועד למעצבי UI/UX ומאפשר הטמעה ישירה של אלמנטים תלת-ממדיים באתרי אינטרנט ואפליקציות עם יכולות תגובה בזמן אמת.","3D, Motion Design, כלי עבודה, UX/UI",חצי חינם (freemium)
SVG Repo,"ספרייה/מאגר, Assets",SVG Repo,"מאגר עצום של מעל 500,000 אייקונים וגרפיקה וקטורית בפורמט SVG. האתר מאפשר חיפוש קל לפי קטגוריות או אוספים, הורדה מהירה, ואף כולל כלי עריכה בסיסי לשינוי צבעים וצורות של האייקונים לפני ההורדה.","אייקונים, UX/UI, לוגו וסמלים",חינם
Hugeicons Pro,"ספרייה/מאגר, Assets",Hugeicons,"ספריית אייקונים מקיפה ואיכותית הכוללת מעל 27,000 אייקונים וקטוריים המעוצבים בסגנון נקי ומודרני. האתר מציע כלים נוחים למעצבים כמו תוסף לפיגמה (Figma plugin) וחבילות קוד למפתחים (React, Tailwind), עם דגש על עקביות ויזואלית רחבה.","אייקונים, UX/UI",חצי חינם (freemium)
Lucide,"ספרייה/מאגר, Assets",Icons – Lucide,"פרויקט קהילתי המבוסס על Feather Icons, המציע מאות אייקונים וקטוריים נקיים ועקביים. האתר מספק כלים קלים להטמעה עבור מפתחים (React, Vue, ועוד) ומעצבים (Figma), עם דגש על פשטות, גמישות ומשקל קל.","אייקונים, UX/UI",חינם
Heroicons,"ספרייה/מאגר, Assets",Heroicons,"סט אייקונים איכותי שעוצב על ידי היוצרים של Tailwind CSS. האתר מציע מאות אייקונים בשלושה סגנונות (Outline, Solid, Mini ו-Micro), המותאמים בצורה מושלמת לעיצוב ממשקים מודרניים וקלים להטמעה ישירה בקוד או בפיגמה.","אייקונים, UX/UI",חינם
British Library (Flickr),ספרייה/מאגר,British Library | Flickr,"אוסף עצום של מעל למיליון תמונות, איורים, מפות וסריקות מתוך ספרים וכתבי יד עתיקים שנסרקו על ידי הספרייה הבריטית. המאגר מיועד לשימוש חופשי ומהווה מקור יוצא דופן להשראה ויזואלית, מחקר ושימוש בעיצובים המשלבים אלמנטים וינטג'.",תמונות סטוק,חינם
21st.dev,ספרייה/מאגר,21st.dev,"ספרייה המרכזת רכיבי UI איכותיים וחדשניים שנוצרו על ידי הקהילה, בעיקר עבור React ו-Tailwind CSS. האתר מאפשר למפתחים להעתיק קוד של כפתורים, תפריטים, אנימציות ורכיבים מורכבים יותר (כמו רכיבי Shadcn UI מותאמים) ישירות לפרויקטים שלהם.","UX/UI, עיצוב ווב ואתרים",חינם
Typeface Animator,כלי,Typeface Animator,"כלי אינטראקטיבי המאפשר למעצבים ליצור אנימציות טקסט מורכבות וייחודיות ישירות בדפדפן. המערכת מאפשרת שליטה בפרמטרים של תנועה, קצב וסגנון, וייצוא של התוצאה כקוד או כקובץ וידאו/אנימציה לשימוש בפרויקטים דיגיטליים.","טיפוגרפיה, כלי עבודה",חצי חינם (freemium)
Pigment,כלי,Pigment,"כלי ייחודי ליצירת פלטות צבעים המבוסס על ""פיגמנט"" ו""תאורה"" במקום על נוסחאות מתמטיות קשיחות. הוא מאפשר למעצבים לשנות את רוויית הצבע ואת רמת הבהירות בצורה ויזואלית ומהירה, ומציג פלטות הרמוניות המבוססות על תמונות איכותיות מ-Unsplash.",צבעים ופלטות,חינם
Velvetyne Type Foundry,"ספרייה/מאגר, השראה",Velvetyne,"קולקטיב צרפתי המעצב ומפיץ פונטים ניסיוניים, אמנותיים וייחודיים תחת רישיונות קוד פתוח. האתר מהווה מוקד למעצבים המחפשים טיפוגרפיה נועזת ויוצאת דופן שאינה נמצאת במאגרים הסטנדרטיים, תוך עידוד חופש יצירתי ושיתוף פעולה.","טיפוגרפיה, עיצוב גרפי",חינם
The Noun Project,"ספרייה/מאגר, Assets",The Noun Project,"אחד המאגרים הגדולים והמוכרים בעולם לאייקונים וסמלים ויזואליים, המכיל מיליוני עיצובים שנוצרו על ידי קהילה גלובלית. בנוסף לאייקונים, האתר מציע ספריית תמונות סטוק איכותיות המתמקדות בגיוון והכלה. האתר משמש כסטנדרט עבור מעצבים המחפשים שפה חזותית פשוטה וברורה.","אייקונים, UX/UI, תמונות סטוק",חצי חינם (freemium)
Ransom Note Generator,כלי,Ransom Note Generator,"כלי יצירתי ומשעשע המאפשר למשתמשים להקליד טקסט וליצור ממנו באופן מיידי עיצוב בסגנון ""מכתב כופר"" (גזרי אותיות מעיתונים ומגזינים בגדלים וסגנונות שונים). ניתן להוריד את התוצאה כתמונה לשימוש בפרויקטים גרפיים.","טיפוגרפיה, עיצוב גרפי, עיצוב ווב ואתרים",חינם
Metalabel,כלי,Metalabel,"פלטפורמה חדשנית המאפשרת לקבוצות של יוצרים (מכונים ""Labels"") לשתף פעולה, להוציא לאור ולמכור עבודות יצירתיות יחד. האתר משלב כלים לניהול קולקטיבים, מכירת מהדורות מוגבלות של מוצרים דיגיטליים ופיזיים, ומודלים כלכליים חדשים המיועדים לאמנים, כותבים ומעצבים בעידן האינטרנט החדש.","השראה, איור, כלי עבודה, עיצוב גרפי",חצי חינם (freemium)
Savee,"אתר, ספרייה/מאגר",Savee,"כלי פופולרי בקרב מעצבים המאפשר לשמור, לארגן ולשתף תמונות וסרטוני השראה מרחבי הרשת. הוא מתאפיין בממשק נקי מאוד (מינימליסטי) ומתמקד באיכות ויזואלית גבוהה, ומהווה חלופה אסתטית ומקצועית יותר לפינטרסט עבור קהילת הקריאייטיב.","תמונות סטוק, השראה, כלי עבודה",חינם
It's Nice That,ספרייה/מאגר,It's Nice That,"אחד המגזינים המובילים והמשפיעים בעולם בתחום התרבות הוויזואלית. האתר מציג פרויקטים נבחרים, ראיונות עם אמנים וחדשות בתחומי העיצוב הגרפי, האיור, הצילום והאנימציה. הוא משמש כצומת מרכזית לגילוי כישרונות חדשים ומגמות עכשוויות בעולם העיצוב.","מיתוג, השראה, איור, עיצוב גרפי",חינם
Typeverything,ספרייה/מאגר,Typeverything,"פלטפורמה המציגה עבודות טיפוגרפיה יוצאות דופן ואוצרות של פונטים איכותיים ומעוצבים. האתר משמש הן כבלוג השראה המציג לטרינג (Lettering) ועיצובי אותיות של אמנים מרחבי העולם, והן כחנות שבה ניתן לרכוש פונטים ייחודיים ומודרניים לשימוש מקצועי.","טיפוגרפיה, השראה",חצי חינם (freemium)
WebGL Fluid Simulation,כלי,WebGL Fluid Simulation,"סימולציית נוזלים מרהיבה ומבוססת דפדפן המשתמשת בטכנולוגיית WebGL. המשתמש יכול ""לשחק"" עם הנוזל באמצעות העכבר או המגע, לשנות פרמטרים כמו צמיגות, צבע וצפיפות, ולראות כיצד המערכת מגיבה בזמן אמת. הכלי משמש הן כניסוי ויזואלי מהפנט והן כדוגמה ליכולות גרפיות מתקדמות ברשת.","UX/UI, Motion Design, עיצוב ווב ואתרים",חינם
Geometrize,כלי,Geometrize,"כלי הממיר תמונות רגילות ליצירות אמנות המורכבות מצורות גיאומטריות (כגון עיגולים, משולשים ומלבנים). המערכת משחזרת את התמונה המקורית באמצעות אלגוריתם אופטימיזציה, ומאפשרת לייצא את התוצאה כקוד SVG, תמונות או אנימציות.","עיבוד תמונה, GenAI",חינם
Silk (WeaveSilk),כלי,Silk,"כלי יצירתי המאפשר למשתמשים לצייר ""אריגי"" אור סימטריים ומרהיבים באמצעות תנועות עכבר. הכלי משתמש באלגוריתמים ליצירת צורות אורגניות וצבעוניות דמויות משי או עשן, ומאפשר שליטה ברמת הסימטריה ובצבעים. התוצאה היא אמנות דיגיטלית ייחודית שניתן לשמור כתמונה.",GenAI,חינם
Mooodboard,השראה,Mooodboard,"כלי פשוט ומהיר ליצירת לוחות השראה ויזואליים. האתר מאפשר למשתמשים לגרור ולהניח תמונות, לארגן אותן על גבי קנבס נקי ולשתף את התוצאה עם אחרים. הוא מתמקד בחוויית משתמש נטולת הסחות דעת עבור מעצבים ואנשי קריאייטיב בשלבי המחקר והקונספט.",השראה,חינם
Mockup Maison,ספרייה/מאגר,Mockup.Maison,"סטודיו לעיצוב המציע מוקאפים איכותיים וריאליסטיים במיוחד להצגת עבודות עיצוב. האתר מתמקד באסתטיקה נקייה ומודרנית, עם דגש על צילום מקצועי של אריזות, מכשירים דיגיטליים ומוצרי פרינט, המאפשרים למעצבים להציג את הפרויקטים שלהם בצורה מרשימה ומשכנעת.",מוקאפ,תשלום/מנוי
Bendito Mockup,ספרייה/מאגר,Bendito Mockup,"סטודיו לעיצוב המציע מוקאפים ייחודיים בעלי אופי אמנותי וריאליסטי מאוד. האתר מתמקד באיכות גבוהה ובתפאורות בעלות סגנון מובחן (כמו טקסטורות אורגניות, צללים טבעיים ואווירה קולנועית), שנועדו להעניק לעבודות מיתוג ועיצוב מראה יוקרתי ויוצא דופן.",מוקאפ,חצי חינם (freemium)
Type Dither,כלי,Type Dither,"כלי יצירתי המאפשר להחיל אפקט ""Dithering"" (טכניקת עיבוד תמונה מבוססת נקודות/פיקסלים) על טקסט. המשתמש יכול להקליד טקסט, לבחור גופנים ולשלוט בפרמטרים של האפקט ליצירת מראה רטרו-דיגיטלי או אמנותי הייחודי למדפסות ישנות ומסכי מחשב מוקדמים.","עיבוד תמונה, טיפוגרפיה",חינם
Fontbrief,כלי,Font Brief,"מנוע חיפוש ייחודי המאפשר למצוא פונטים לא על פי קטגוריות טכניות, אלא על פי ""תכונות אישיות"" (כמו: נועז מול אלגנטי, ידידותי מול סמכותי). הכלי עוזר למעצבים לבחור טיפוגרפיה שמתאימה לערכי המותג שלהם באמצעות מערכת סינון אינטואיטיבית.","טיפוגרפיה, מיתוג, השראה",חינם
Meshy,אתר,Meshy AI,"פלטפורמה מתקדמת המשתמשת בבינה מלאכותית כדי להפוך טקסט או תמונות דו-ממדיות למודלים תלת-ממדיים מלאים כולל טקסטורות. הכלי מאפשר למפתחי משחקים, מעצבים ואמנים ליצור נכסי 3D במהירות גבוהה, לבצע ""טקסטור"" אוטומטי למודלים קיימים ולייצא אותם לתוכנות עיצוב ופיתוח משחקים.","3D, Blender, UX/UI, GenAI",חצי חינם (freemium)
Fountn,"ספרייה/מאגר, Assets",Fountn,"אינדקס מקיף ומקוטלג היטב של משאבי עיצוב מכל הסוגים. האתר מרכז קישורים לכלים הטובים ביותר ברשת בתחומים כמו פונטים, אייקונים, השראה, מוקאפים, צבעים ואיורים. הוא נועד לחסוך זמן למעצבים בחיפוש אחר הכלים הנכונים לכל פרויקט.","אייקונים, טיפוגרפיה, UX/UI, השראה, עיצוב ווב ואתרים, Motion Design",חינם
Moshpro,כלי,Mosh-Pro,"אפליקציית ווב המאפשרת להחיל אפקטים של Datamoshing (שיבוש מכוון של פיקסלים) ו-Glitch Art על תמונות וסרטונים. הכלי מספק ממשק ויזואלי לעיוות תמונות בצורה אמנותית, המדמה שגיאות דחיסה דיגיטליות, ומתאים מאוד ליצירת תוכן ויזואלי בסגנון Lo-fi או אסתטיקה של ""תקלות"" (Glitch).","עיצוב גרפי, עיבוד תמונה",תשלום/מנוי
Enfont Terrible,כלי,Enfont Terrible,"כלי ניסיוני ומרהיב המאפשר למשתמשים ליצור פונטים משלהם על ידי עיוות ושינוי פרמטרים של אותיות בזמן אמת. הממשק מבוסס על תנועה ושינויים צורניים קיצוניים, ומאפשר לייצא את הפונט שנוצר כקובץ לשימוש אישי. זהו פרויקט המשלב בין טיפוגרפיה לאמנות דיגיטלית וקוד.","טיפוגרפיה, עיבוד תמונה",חינם
Schultzschultz Tools,כלי,Tools,"דף המרכז מגוון רחב של כלים אינטראקטיביים שפותחו על ידי סטודיו Schultzschultz. הכלים מאפשרים למעצבים לחקור צורות, טיפוגרפיה ותנועה בדרכים לא קונבנציונליות, כולל מחוללי פונטים, כלי עיוות ויזואלי ומערכות מבוססות רשת (Grids). זהו ""מגרש משחקים"" יצירתי לאנשי קריאייטיב המחפשים אסתטיקה ייחודית ומבוססת קוד.","טיפוגרפיה, עיצוב גרפי, כלי עבודה, עיבוד תמונה",חינם
Minimal Mockups,ספרייה/מאגר,Minimal Mockups,"אתר המציע אוסף נבחר של מוקאפים להצגת עבודות עיצוב, המתאפיינים באסתטיקה נקייה, מינימליסטית ומודרנית. המוקאפים מתמקדים במכשירים דיגיטליים ומוצרי פרינט בסביבות ניטרליות, מה שמאפשר לעיצוב עצמו להיות במרכז ללא הסחות דעת ויזואליות.",מוקאפ,חצי חינם (freemium)
Maneken,"ספרייה/מאגר, כלי",Maneken.app,"פלטפורמה אינטראקטיבית המאפשרת למעצבים ליצור ולהציג את העבודות שלהם על גבי מודלים תלת-ממדיים של מוצרים שונים (כמו אריזות, בקבוקים וביגוד). הכלי מאפשר שליטה מלאה בזוויות המצלמה, בתאורה ובטקסטורות ישירות בדפדפן, ומספק תוצאה ריאליסטית להצגת פרויקטים של מיתוג ועיצוב מוצר.",מוקאפ,חצי חינם (freemium)
UI Ball,ספרייה/מאגר,UI Ball,"אוסף של אנימציות טעינה (Spinners & Loaders) מודרניות, קלילות ומעוצבות היטב. האתר מאפשר למעצבי ומפתחי ווב לבחור מתוך מגוון סגנונות, להתאים אישית צבעים ומהירות, ולהעתיק את הקוד (HTML/CSS או React) ישירות לפרויקט שלהם. הכלי מתמקד באסתטיקה נקייה ובביצועים גבוהים.","UX/UI, עיצוב ווב ואתרים",חינם
UI Colors,כלי,Tailwind CSS Color Generator,"כלי המיועד למעצבים ומפתחים ליצירת פלטות צבעים מותאמות אישית המבוססות על שיטת Tailwind CSS. הכלי מאפשר להזין צבע בסיס ולקבל באופן אוטומטי סקאלה של גוונים (מ-50 עד 950) תוך הצגת תצוגה מקדימה של איך הצבעים ייראו על גבי רכיבי ממשק אמיתיים כמו כפתורים, תפריטים וכרטיסים.","UX/UI, צבעים ופלטות, עיצוב ווב ואתרים, Figma",חינם
Khroma,כלי,Khroma - The AI color tool for designers,"כלי חכם הלומד את העדפות הצבעים שלכם (על ידי בחירה ראשונית של 50 צבעים אהובים) ומשתמש בבינה מלאכותית כדי ליצור אינסוף פלטות צבעים, שילובי טיפוגרפיה ותמונות המותאמים לטעם האישי שלכם. הכלי מאפשר לסנן שילובים לפי גוון, חמימות וניגודיות, ואף לבדוק נגישות.","צבעים ופלטות, GenAI, UX/UI",חינם
Free Faces,ספרייה/מאגר,Free Faces,"גלריה המציגה אוסף נבחר של פונטים איכותיים הזמינים להורדה בחינם תחת רישיונות שונים. האתר מתמקד באסתטיקה גבוהה ובטיפוגרפיה ייחודית, ומאפשר לסנן פונטים לפי סגנונות (כמו Serif, Sans, Display, Monospace ועוד). זהו מקור מצוין למציאת גופנים בעלי אופי שאינם נמצאים במאגרים הסטנדרטיים.","טיפוגרפיה, השראה",חינם
A Dictionary of Color Combinations (Wada Sanzo),כלי,Wada Colors,"כלי דיגיטלי המבוסס על עבודתו המונומנטלית של האמן היפני וואדה סנזו משנות ה-30. האתר מציג מאות שילובי צבעים ייחודיים (זוגות, שלשות ורביעיות) המאופיינים באסתטיקה יפנית מסורתית ומודרנית כאחד. המשתמשים יכולים לחקור פלטות צבעים נדירות, להעתיק קודי HEX ולשאוב השראה משילובים המבוססים על תיאוריית צבעים על-זמנית.",צבעים ופלטות,חינם
Uncut,ספרייה/מאגר,UNCUT.wtf,"פלטפורמה האוצרת פונטים איכותיים ומעוצבים הזמינים לשימוש חופשי תחת רישיונות קוד פתוח. האתר מתמקד באסתטיקה מודרנית וניסיונית, ומציג גופנים בעלי נוכחות ויזואלית חזקה שמתאימים לפרויקטים עכשוויים. הממשק מאפשר בדיקה נוחה של הגופנים והורדה ישירה שלהם.",טיפוגרפיה,חינם
Death to Stock,ספרייה/מאגר,Death to Stock,"פלטפורמה המציעה אלטרנטיבה לתמונות הסטוק הגנריות. האתר מספק צילומים אמנותיים, אותנטיים ובעלי סגנון ייחודי (High-end), שנועדו לעזור למותגים וליוצרים לבלוט. התכנים מאורגנים בחבילות נושאיות ומתעדכנים מדי חודש כדי לשמור על רעננות ויזואלית.",תמונות סטוק,תשלום/מנוי
Curation of Curations,ספרייה/מאגר,Curation of Curations,"פרויקט ייחודי המרכז את כל רשימות האוצרות (Curations) הטובות ביותר ברשת במקום אחד. האתר משמש כ""על-מדריך"" המפנה לאוספים נבחרים בתחומי העיצוב, הטכנולוגיה, הפרודוקטיביות והקריאייטיב. הוא נועד לעזור למשתמשים למצוא משאבים איכותיים שמישהו כבר סינן ובחר עבורם בקפידה.","השראה, מיתוג, איור, לוגו וסמלים, עיצוב גרפי",חינם
PNGMaker,כלי,PNG Maker AI,"כלי המשתמש בבינה מלאכותית ליצירת אלמנטים גרפיים ותמונות עם רקע שקוף באופן אוטומטי. המשתמש מזין תיאור טקסטואלי (Prompt), והמערכת מייצרת אובייקט מבודד שניתן להוריד ולהטמיע ישירות בעיצובי גרפיקה, מצגות או אתרים ללא צורך בהסרת רקע ידנית.","GenAI, תמונות סטוק, כלי עבודה",חצי חינם (freemium)
Life of Pix,ספרייה/מאגר,Life of Pix,"אתר המציע אוסף של תמונות איכותיות ואמנותיות ברזולוציה גבוהה, ללא הגבלות זכויות יוצרים (Public Domain). האתר נאוצר על ידי סוכנות הקריאייטיב Leeroy ומציג מדי שבוע ""צלם נבחר"". התמונות מתאפיינות בסגנון טבעי ואותנטי מאוד, ומתאימות לשימוש אישי ומסחרי.",תמונות סטוק,חינם
Unsplash,ספרייה/מאגר,Unsplash,"אחת מספריות הצילום הגדולות והפופולריות בעולם, המציעה מיליוני תמונות איכותיות שנבחרו בקפידה על ידי הקהילה. האתר ידוע בסגנון צילום מודרני, טבעי ופחות ""סטוקי"" מהמאגרים המסורתיים. התמונות ניתנות לשימוש חופשי כמעט לכל מטרה, והוא משמש כלי בסיסי עבור מעצבים, בלוגרים ויוצרי תוכן.",תמונות סטוק,חינם
Pexels,ספרייה/מאגר,Pexels,"פלטפורמה פופולרית המציעה ספרייה ענקית של צילומים וסרטוני וידאו איכותיים ברזולוציה גבוהה. כל התכנים באתר נבחרים בקפידה וניתנים לשימוש חופשי (תחת רישיון Pexels), כולל למטרות מסחריות. האתר מצטיין בממשק נוח, חיפוש לפי צבעים ואוצרות נושאית שעוזרת למצוא ויזואליה מודרנית ורלוונטית בקלות.",תמונות סטוק,חינם
Modyfi,כלי,Modyfi,"כלי עיצוב מהדור החדש המשלב יכולות וקטוריות ופיקסליות עם בינה מלאכותית יוצרת (Generative AI) ישירות בדפדפן. המערכת מאפשרת עבודה אינטראקטיבית בזמן אמת, עריכה לא-הרסנית, ושיתוף פעולה בין מעצבים. היא נועדה להחליף תהליכי עבודה מסורתיים ואיטיים בכלים שמאפשרים ייצור מהיר של גרפיקה, מוקאפים ואלמנטים ויזואליים מורכבים.","GenAI, עיבוד תמונה, כלי עבודה, UX/UI",חינם
Flyerwrk,"ספרייה/מאגר, Assets",https://www.flyerwrk.com/en-au/en-com/collections/mockups,"פלטפורמה המציעה מוקאפים איכותיים ומסוגננים עם דגש על אסתטיקה של אופנה (Streetwear), אריזות וגרפיקה אורבנית. המשאבים מאופיינים במראה ריאליסטי מאוד ומפורט, ומתאימים למעצבים שמחפשים להציג עבודות מיתוג ועיצוב מוצר ברמה גבוהה ועדכנית.","תמונות סטוק, מוקאפ",תשלום/מנוי
Mockups Design,"ספרייה/מאגר, Assets",Mockups Design,"אתר המציע מבחר עצום של מוקאפים איכותיים וחינמיים לחלוטין להורדה. המאגר כולל קטגוריות רבות כמו אריזות, מוצרי דפוס (כרטיסי ביקור, פליירים), מכשירים דיגיטליים ושילוט. כל מוקאפ מגיע בפורמט PSD עם שכבות חכמות (Smart Objects) המאפשרות התאמה מהירה ונוחה של העיצוב.",מוקאפ,חינם
Pacdora,כלי,Pacdora,"פלטפורמה מקיפה המוקדשת כולה לעיצוב אריזות. היא מאפשרת למעצבים לבחור מתוך אלפי תבניות של קופסאות, בקבוקים ושקיות, לעצב אותם בדו-ממד ולראות הדמיה תלת-ממדית מדויקת בזמן אמת. הכלי כולל גם אפשרות להורדת קווי חיתוך (Dielines) מוכנים לדפוס ויצירת סרטוני הדמיה של המוצר.","מיתוג, מוקאפ, כלי עבודה, 3D",חצי חינם (freemium)
Internet Archive Book Images,ספרייה/מאגר,Internet Archive Book Images | Flickr,"פרויקט ענק הסורק מיליוני תמונות, איורים ודיאגרמות מתוך ספרים שנסרקו על ידי ה-Internet Archive. המאגר מכסה מאות שנים של ידע אנושי ומציע השראה ויזואלית נדירה הכוללת רישומים מדעיים, מפות, איורים אמנותיים וגרפיקה נוסטלגית, הכל עם גישה נוחה לחיפוש לפי נושאים או שנים.","תמונות סטוק, השראה",חינם
Minimal Gallery,השראה,Minimal Gallery,"אוסף נבחר של אתרים המצטיינים בעיצוב נקי, מינימליסטי ומודרני. האתר משמש כארכיון השראה למעצבי UI/UX ומפתחים, ומציג פרויקטים מכל העולם המדגישים טיפוגרפיה איכותית, שימוש חכם בחלל לבן וממשקים פשוטים אך פונקציונליים. האוצרות מתעדכנת על בסיס יומי על ידי המעצב פייט בהארי (Piet Terhal).","השראה, UX/UI, עיצוב ווב ואתרים",חינם
Godly,השראה,Godly,"פלטפורמה האוצרת את האתרים המעוצבים ביותר ברשת, עם דגש מיוחד על אינטראקציות מורכבות, אנימציות חלקות וחווית משתמש (UX) יוצאת דופן. האתר מאפשר לסנן השראה לפי קטגוריות, סגנונות ורכיבים, וכולל תצוגה מקדימה בווידאו של האתרים כדי שניתן יהיה להתרשם מהתנועה שלהם מבלי לצאת מהגלריה.","השראה, UX/UI, עיצוב ווב ואתרים",חינם
Dark Mode Design,השראה,Dark Mode Design,"אוסף נבחר של אתרים המעוצבים באופן בלעדי או מיטבי במצב כהה. הגלריה מציגה עבודות המצטיינות בשימוש בצבעים כהים, ניגודיות גבוהה ואסתטיקה מודרנית, ומספקת השראה למעצבי ווב ו-UI המעוניינים ליצור חוויות משתמש אלגנטיות ונוחות לעין בשעות החשיכה.","השראה, UX/UI, עיצוב ווב ואתרים",חינם
Infography,כלי,Infography,"פלטפורמה האוצרת דוגמאות נבחרות של אינפוגרפיקות, הצגת נתונים (Data Viz) וסיפור סיפורים ויזואלי (Visual Storytelling). האתר מציג עבודות מורכבות ומעוצבות לעומק, ומסייע למעצבים למצוא דרכים יצירתיות להפוך מידע יבש לתוכן ויזואלי מרתק, ברור ואסתטי.","אייקונים, Data Visual, השראה",חצי חינם (freemium)
LogoRank,כלי,Logo Rank - Check your logo design with deep learning,"מערכת המשתמשת ברשתות עצביות שאומנו על מיליוני עיצובי לוגו כדי להעריך את האיכות והביצועים של הלוגו שלכם. הכלי מדרג את הלוגו לפי פרמטרים של ייחודיות (Uniqueness), קריאות (Legibility) וצבעוניות/ניגודיות (Color/Contrast), ומספק תובנות שיכולות לעזור בשיפור העיצוב.","UX/UI, לוגו וסמלים, GenAI",חינם
Same Energy,ספרייה/מאגר,Same Energy,"מנוע חיפוש ויזואלי המאפשר למצוא תמונות בעלות ""אנרגיה"", סגנון או אווירה דומים לתמונה נבחרת. במקום להסתמך על מילות מפתח, הכלי משתמש בלמידת מכונה כדי להבין את הקומפוזיציה, הצבעוניות והתחושה של הדימוי, מה שהופך אותו לכלי אידיאלי ליצירת לוחות השראה (Moodboards) ומציאת השראה ויזואלית לא שגרתית.","השראה, GenAI, תמונות סטוק",חינם
Rive,כלי,Rive,"פלטפורמת עיצוב ואנימציה המאפשרת ליצור נכסים ויזואליים מורכבים ואינטראקטיביים שרצים בזמן אמת על גבי אפליקציות, אתרים ומשחקים. בניגוד לאנימציות וידאו רגילות, הקבצים של Rive הם וקטוריים, קלים מאוד במשקל, וניתנים לשליטה מלאה באמצעות קוד (State Machines), מה שמאפשר להם להגיב לפעולות המשתמש באופן דינמי.","UX/UI, Motion Design, עיצוב ווב ואתרים",חצי חינם (freemium)
GSAP (GreenSock Animation Platform),ספרייה/מאגר,GSAP,"נחשבת לסטנדרט התעשייה לאנימציות ווב בעלות ביצועים גבוהים. הספרייה מאפשרת למפתחים ולמעצבים ליצור אנימציות מורכבות, מבוססות ציר זמן (Timeline), שרצות בצורה חלקה בכל הדפדפנים. היא כוללת כלים מתקדמים לשליטה ב-SVG, גלילה (ScrollTrigger), ושינויי צורה של אלמנטים.","עיצוב ווב ואתרים, UX/UI",חצי חינם (freemium)
Jitter,כלי,Jitter,"פלטפורמה המאפשרת למעצבים ליצור בקלות אנימציות עבור ממשקי משתמש (UI), סרטוני רשתות חברתיות ותוכן שיווקי. הכלי נחשב ל""פיגמה של האנימציה"" בזכות ממשק פשוט וידידותי, המאפשר להנפיש טקסטים, אלמנטים גרפיים וקבצי Figma מיובאים במהירות וברמה מקצועית.","UX/UI, Motion Design",חצי חינם (freemium)
Everything Universe,"ספרייה/מאגר, כלי",Anything World,"ספרייה דיגיטלית ואוצרות רחבה של משאבי עיצוב, אתרים מעוררי השראה, כלים יצירתיים וסטודיואים לעיצוב מרחבי העולם. האתר משמש כציר זמן ויזואלי המאפשר למעצבים לחקור טרנדים, למצוא רפרנסים איכותיים ולהיחשף לעבודות קריאייטיב יוצאות דופן במגוון רחב של תחומים.","Motion Design, 3D, UX/UI, השראה",חצי חינם (freemium)
Fuse.Kiwi,ספרייה/מאגר,Fuse.kiwi,"ארכיון הולך וגדל של קישורים לאתרי אינטרנט מקוריים, בידור דיגיטלי ותוכן יצירתי מרחבי הרשת. הפרויקט החל ב-2017 במטרה להוות אלטרנטיבה לרשתות החברתיות ולאפשר גילוי של יוצרים ישירות מהמקור שלהם. האתר מעדכן קישורים חדשים מדי שבוע ומבוסס על קהילת יוצרים ואוצרים אורחים.","השראה, עיצוב גרפי",חינם
Google Earth Studio,כלי,Google Earth Studio,"כלי אנימציה מקצועי המשתמש במאגר המידע הוויזואלי של Google Earth. הוא מאפשר ליצור סרטונים מרהיבים של תנועות מצלמה (כמו ""צלילה"" מהחלל או טיסה מעל ערים) באיכות גבוהה. הכלי כולל ממשק המבוסס על ציר זמן (Keyframes) בדומה לתוכנות עריכה ואנימציה, ומיועד ליוצרי תוכן, עיתונאים ומפיקים שזקוקים להדמיות גאוגרפיות ריאליסטיות.","Motion Design, כלי עבודה",חינם
Durves,כלי,https://www.durves.com/,"כלי ייחודי ופשוט לשימוש המאפשר ליצור טקסטורות מורכבות של נקודות (Dot Patterns) וגלים. הממשק האינטראקטיבי נותן שליטה מלאה על פרמטרים כמו צפיפות, גודל, תדר ואמפליטודה, ומאפשר לייצא את התוצאה כקובץ SVG או PNG. הכלי אידיאלי ליצירת רקעים מודרניים ואלמנטים גרפיים לממשקי משתמש (UI).","עיצוב גרפי, כלי עבודה",חינם
Spiral (by SOOT),ספרייה/מאגר,https://spiral.soot.com/spiral,"כלי חדשני למחקר חזותי ההופך מילות חיפוש ללוחות השראה (Moodboards) עשירים באופן מיידי. בשונה ממנועי חיפוש רגילים המציגים רשת שטוחה של תמונות, Spiral מסדר את התוצאות בממשק ספירלי תלת-ממדי המציג קשרים, היררכיות והקשרים תרבותיים בין הדימויים. הכלי אינו מייצר תמונות (Generative AI) אלא מוצא ואוצר תמונות אמיתיות מארכיונים, אתרי אופנה ומאגרי מידע, מה שהופך אותו לכלי מחקר אידיאלי למעצבים, ארט דירקטורים וחוקרי תרבות.",השראה,חינם
Cargo,כלי,https://cargo.site/,"פלטפורמה פופולרית מאוד לבניית אתרים, שנוצרה במיוחד עבור קהילת האמנים, המעצבים והצלמים. Cargo מציעה תבניות עיצוב ייחודיות, אסתטיות ולעיתים אוונגרדיות, השונות מהמראה ה""תבניתי"" של בוני אתרים מסחריים אחרים. המערכת מאפשרת שליטה מדויקת בטיפוגרפיה ובפריסה (Layout) ונחשבת לסטנדרט בתעשייה להצגת תיקי עבודות מקצועיים.",עיצוב ווב ואתרים,תשלום/מנוי
Material Design 3,ספרייה/מאגר,https://m3.material.io/,"הגרסה העדכנית ביותר של מערכת העיצוב הפתוחה של גוגל (הידועה גם בשם ""Material You""). האתר מספק דוקומנטציה מלאה, קווים מנחים וכלים למעצבים ומפתחים לבניית ממשקים אדפטיביים ואישיים. החידוש המרכזי בגרסה זו הוא התאמה אישית של צבעים (Dynamic Color) שבה הממשק משתנה בהתאם לרקע המכשיר של המשתמש, לצד רכיבים מעודכנים ושיפורי נגישות.","צבעים ופלטות, טיפוגרפיה, UX/UI, עיצוב ווב ואתרים, עיצוב גרפי",חינם
Anime.js,ספרייה/מאגר,https://animejs.com/,"ספריית JavaScript קלילה ופופולרית מאוד ליצירת אנימציות ברשת. הספרייה מציעה API פשוט אך חזק, המאפשר להנפיש כמעט כל דבר: מאפייני CSS, אלמנטים של SVG, אטריביוטים של DOM ואובייקטים של JavaScript. היא מצטיינת ביכולת לשלוט בתזמון (Timing) בצורה מדויקת ומאפשרת ליצור תנועות מורכבות וזורמות בקלות.","עיצוב ווב ואתרים, UX/UI, Motion Design",חינם
Akrivi,כלי,https://www.akrivi.io/,"ערכת כלים (Toolkit) המיועדת למעצבי זהות מותג, המאפשרת לייעל תהליכים טכניים ומורכבים בתוך אילוסטרייטור. האוסף כולל כלים כמו Gridit ליצירה אוטומטית של גרידים ללוגו (Logo Grids), Presenta ליצירת מצגות בסגנון Bento Grids, ו-Guideit להפקה מהירה של ספרי מותג (Brand Guidelines). המטרה היא לחסוך שעות של עבודה ידנית ולשפר את הדיוק המקצועי של התוצרים.","מיתוג, כלי עבודה",תשלום/מנוי
TopoExport,כלי,https://topoexport.com/,"כלי מקוון המאפשר לאדריכלים, מתכנני ערים ומעצבי נוף להוריד מפות דו-ממדיות (CAD) ומודלים תלת-ממדיים (3D) של כל אזור בעולם. הכלי מתבסס על מידע גאוגרפי פתוח ומאפשר לייצא קבצים בפורמטים כמו DXF, OBJ ו-STL, המוכנים לשימוש בתוכנות שרטוט והדמיה או להדפסה בתלת-ממד. נחשב לאלטרנטיבה פופולרית ומהירה ל-Cadmapper.","כלי עבודה, 3D",חצי חינם (freemium)
Higgsfield AI,כלי,https://higgsfield.ai/,"פלטפורמת וידאו גנרטיבית שתוכננה במיוחד עבור יוצרי תוכן ורשתות חברתיות. אפליקציית הדגל שלה, Diffuse, מאפשרת ליצור סרטונים קולנועיים ותנועתיים מאוד מתוך טקסט או תמונה ישירות מהנייד. היא מציעה כלים מתקדמים לשליטה בתנועות מצלמה, שמירה על עקביות דמות (עבור ""משפיעני AI"") ופיצ'רים כמו Angles לשינוי זווית צילום של תמונות סטטיות.","כלי עבודה, 3D, עיבוד תמונה, GenAI, Motion Design",חצי חינם (freemium)
Internet Intro,ספרייה/מאגר,https://internetintro.com/,"אתר המוקדש לגילוי מחדש של ה""רשת הפתוחה"" (Open Web). הוא אוצר ומציג אתרים יצירתיים, משחקי דפדפן, פרויקטים אינטראקטיביים וכלים מוזרים אך שימושיים שאינם חלק מהרשתות החברתיות הגדולות. המטרה היא להחזיר את חוויית הגלישה של פעם (""StumbleUpon"" סטייל) ולחשוף יוצרים עצמאיים.","השראה, עיצוב גרפי",חינם
Remotion,"כלי, ספרייה/מאגר",https://www.remotion.dev/,"פרייימוורק (Framework) המאפשר ליצור סרטוני וידאו אמיתיים (MP4) באמצעות כתיבת קוד ב-React. במקום להשתמש בתוכנת עריכה כמו פרמייר, משתמשים ב-HTML, CSS ו-JavaScript כדי לעצב ולהנפיש את הפריים. הכלי אידיאלי ליצירת וידאו ""פרמטרי"" – סרטונים שמשתנים בהתאם לנתונים (כמו סרטוני ""סיכום שנה"" אישיים), אוטומציה של תוכן ויזואלי ויצירת גרפיקה מבוססת קוד.","Motion Design, GenAI, Data Visual",חינם
Motion by Zajno,השראה,https://motion.zajno.com/,"מיני-אתר ייעודי של סטודיו העיצוב הדיגיטלי Zajno, המוקדש כולו לעקרונות האנימציה בממשקי משתמש (UI/UX). האתר משמש כמדריך ויזואלי ומראה כיצד תנועה יכולה להעביר את אופי המותג, לשפר את חווית המשתמש ולספר סיפור. הוא מציג דוגמאות לטכניקות שונות (כמו Parallax, Masking, Transformation) ומסביר את הרציונל שמאחוריהן.","Motion Design, UX/UI, השראה",חינם